;SQ_SIMULATION;SQ_TEST;
;0.13718253968253968;0.11476190476190462

