;SQ_SIMULATION;SQ_TEST;
;0.15716269841269837;0.07521825396825388

