;SQ_SIMULATION;SQ_TEST;
;0.17194444444444434;0.08503968253968275

