;SQ_SIMULATION;SQ_TEST;
;0.28888888888888886;0.26642857142857146

