;SQ_SIMULATION;SQ_TEST;
;0.23662698412698413;0.14563492063492067

